# Learned by learn.py from: subul_transcript.pdf; seerat3_transcript.docx
# wrong<TAB>right<TAB># times seen, agreement. Delete any line that looks wrong.
عبد المطلب	عبدالمطلب	# 16x, 100%
ادنان	عدنان	# 13x, 100%
قسائی	قصی	# 13x, 93%
کنانا	کنانہ	# 11x, 100%
حاشم	ہاشم	# 11x, 100%
جرحم	جرہم	# 10x, 100%
خزاہ	خزاعہ	# 8x, 100%
متلب	مطلب	# 6x, 100%
سبر	صبر	# 6x, 100%
آگئے	آ گئے	# 6x, 100%
لئے	لیے	# 5x, 100%
یسرب	یثرب	# 3x, 100%
اندازن	اندازاً	# 3x, 100%
کہلائی	کہلائے	# 2x, 100%
کنوان	کنواں	# 2x, 100%
چھے	چھ	# 2x, 100%
فحر	فہر	# 2x, 100%
عبد المتلب	عبدالمطلب	# 2x, 100%
دیئے	دیے	# 2x, 100%
دارون ندوہ	دارالندوہ	# 2x, 100%
خسائل	خصائل	# 2x, 100%
حجرت	ہجرت	# 2x, 100%
حارس	حارث	# 2x, 100%
اسویں	عیسوی	# 2x, 100%
